,tournamentname
0,test-open0,fortinet championship
0,fortinet championship
0,fortinet championship
0,fortinet championship
0,fortinet championship
0,fortinet championship
0,fortinet championship
0,fortinet championship
0,fortinet championship
0,fortinet championship
0,fortinet championship
0,fortinet championship
0,fortinet championship
0,fortinet championship
0,fortinet championship
0,fortinet championship
0,fortinet championship
0,fortinet championship
0,fortinet championship
0,fortinet championship
0,fortinet championship
0,fortinet championship
0,fortinet championship
0,fortinet championship
0,fortinet championship
0,fortinet championship
0,fortinet championship
0,fortinet championship
0,fortinet championship
0,fortinet championship
0,fortinet championship
0,fortinet championship
0,fortinet championship
0,fortinet championship
0,fortinet championship
0,fortinet championship
0,fortinet championship
0,fortinet championship
0,fortinet championship
0,fortinet championship
0,fortinet championship
0,fortinet championship
0,fortinet championship
0,fortinet championship
0,fortinet championship
0,fortinet championship
0,fortinet championship
0,fortinet championship
0,fortinet championship
0,fortinet championship
0,fortinet championship
0,fortinet championship
0,fortinet championship
0,fortinet championship
0,fortinet championship
0,fortinet championship
0,fortinet championship
0,fortinet championship
0,fortinet championship
0,fortinet championship
0,fortinet championship
0,fortinet championship
0,fortinet championship
0,fortinet championship
0,fortinet championship
0,fortinet championship
0,fortinet championship
0,fortinet championship
0,fortinet championship
0,fortinet championship
0,fortinet championship
0,fortinet championship
0,fortinet championship
0,fortinet championship
0,fortinet championship
0,fortinet championship
0,fortinet championship
0,fortinet championship
0,fortinet championship
0,fortinet championship
0,fortinet championship
0,fortinet championship
0,fortinet championship
0,fortinet championship
0,fortinet championship
0,fortinet championship
0,fortinet championship
0,fortinet championship
0,fortinet championship
0,fortinet championship
0,fortinet championship
0,fortinet championship
0,fortinet championship
0,fortinet championship
0,fortinet championship
0,fortinet championship
0,fortinet championship
0,fortinet championship
0,fortinet championship
0,fortinet championship
0,fortinet championship
0,fortinet championship
0,fortinet championship
0,fortinet championship
0,fortinet championship
0,fortinet championship
0,fortinet championship
0,fortinet championship
0,fortinet championship
0,fortinet championship
0,fortinet championship
0,fortinet championship
0,fortinet championship
0,fortinet championship
0,fortinet championship
0,fortinet championship
0,fortinet championship
0,fortinet championship
0,fortinet championship
0,fortinet championship
0,fortinet championship
0,fortinet championship
0,fortinet championship
0,fortinet championship
0,fortinet championship
0,fortinet championship
0,fortinet championship
0,fortinet championship
0,fortinet championship
0,fortinet championship
0,fortinet championship
0,fortinet championship
0,fortinet championship
0,fortinet championship
0,fortinet championship
0,fortinet championship
0,fortinet championship
0,fortinet championship
0,fortinet championship
0,fortinet championship
0,fortinet championship
0,fortinet championship
0,fortinet championship
0,fortinet championship
0,fortinet championship
0,fortinet championship
0,fortinet championship
0,fortinet championship
0,fortinet championship
0,fortinet championship
0,fortinet championship
0,fortinet championship
0,fortinet championship
0,fortinet championship
0,fortinet championship
0,fortinet championship
